demo_nodes_cpp,"talker, listener, listener_best_effort"
,"talker_serialized_message, listener_serialized_message"
,talker_loaned_message
,"add_two_ints_server, add_two_ints_client, add_two_ints_client_async"
,"list_parameters, list_parameters_async, set_and_get_parameters, set_and_get_parameters_async, parameter_events, parameter_events_async, parameter_blackboard, even_parameters_node"
,"one_off_timer, reuse_timer"
,allocator_tutorial
demo_nodes_cpp_native,talker
image_tools,"cam2image, showimage"
intra_process_demo,"camera_node, watermark_node, image_view_node"
,"cyclic_pipeline, image_pipeline_all_in_one, image_pipeline_with_two_image_view, two_node_pipeline"
composition,linktime_composition
quality_of_service_demo_cpp,"lifespan, liveliness, deadline"
quality_of_service_demo_py,"lifespan, liveliness, deadline"
lifecycle,lifecycle_demo_launch.py
tf2_ros,"tf2_echo, tf2_monitor, static_transform_publisher"
ros1_bridge,"dynamic_bridge, ros1_bridge*, both directions"
examples_rclcpp_*,"minimal_publisher: publisher_lambda, publisher_member_function, publisher_not_composable"
,"minimal_subscriber: subscriber_lambda, subscriber_member_function, subscriber_not_composable"
,minimal_service: service_main
,minimal_client: client_main
,"minimal_composition: composition_composed, composition_publisher, composition_subscriber"
"
","minimal_action_server: action_server_not_composable, action_server_member_functions"
,"minimal_action_client: action_client_not_composable, action_client_not_composable_with_cancel, action_client_not_composable_with_feedback, action_client_member_functions"
,multithreaded_executor: multithreaded_executor
examples_rclpy_*,"minimal_action_server: server_defer, server_not_composable, server, server_queue_goals, server_single_goal"
,"minimal_action_client: client_cancel, client_not_composable, client"
,"minimal_publisher: publisher_local_function, publisher_member_function, publisher_old_school"
,"minimal_subscriber:  subscriber_lambda, subscriber_member_function, subscriber_old_school"
,"minimal_client: client, client_async, client_async_member_function, client_async_callback"
,"minimal_service: service, service_member_function"
,"executors: callback_group, composed, custom_callback_group, custom_executor, listener, talker"
pendulum_control,"pendulum_demo, pendulum_teleop, pendulum_launch.bash, pendulum_logger"
tlsf_cpp,tlsf_allocator_example
rttest,rttest_plot
dummy_map_server,dummy_map_server
dummy_sensors,"dummy_joint_states, dummy_laser"
dummy_robot_bringup,"dummy_robot_bringup_launch.py, dummy_robot_bringup_launch.xml, dummy_robot_bringup_launch.yaml "
rviz2,rviz2
gazebo_ros_pkgs,gazebo --verbose /opt/ros/rolling/share/gazebo_plugins/worlds/gazebo_ros_camera_distortion_barrel_demo.world
rqt,rqt
rosbag2,"ros2 bag record -a, ros2 bag record <topic1> <topic2> <topic3>, ros2 bag info <bag_file>, ros2 bag play <bag_file>"
